<application>
  <component name="AndroidLogcatFilterHistory">
    <option name="mostRecentlyUsed" value="package:com.iflytek.autofly.tts.test " />
    <option name="nonFavorites">
      <list>
        <option value="package:com.iflytek.autofly.tts.test " />
        <option value="package:com.iflytek.autofly.tts.test" />
        <option value="tag:TtsSolutionTest" />
        <option value="tag:" />
        <option value="package:com.iflytek.autofly.tts.test tag:TtsSolutionTest" />
        <option value="package:mine " />
        <option value="package:mine tag:tts" />
        <option value="package:mine tag:MainActivity tag:tts" />
        <option value="package:mine tag:MainActivity" />
        <option value="package:mine tag:" />
        <option value="tag:TtsCustomManagerTest" />
        <option value="package:com.example.lib_tts" />
        <option value="package:com." />
        <option value="tag:tts" />
        <option value="tts" />
        <option value="package:mine tag:tts " />
        <option value="package:mine" />
        <option value="package:mine tag:tts tag:ClientMap" />
        <option value="package:mine level:error " />
        <option value="test" />
      </list>
    </option>
  </component>
</application>