<application>
  <component name="FileTypeManager" version="18">
    <extensionMap>
      <mapping pattern="TODO" type="AUTO_DETECTED" />
      <mapping pattern="res_version" type="AUTO_DETECTED" />
      <mapping pattern="git" type="AUTO_DETECTED" />
      <mapping ext="gradle.kts" type="Kotlin" />
      <mapping ext="main.kts" type="Kotlin" />
      <mapping ext="so" type="PLAIN_TEXT" />
      <mapping ext="irf" type="PLAIN_TEXT" />
      <mapping ext="cfg" type="PLAIN_TEXT" />
      <mapping ext="bin" type="PLAIN_TEXT" />
      <mapping ext="ini" type="PLAIN_TEXT" />
      <removed_mapping ext="apk" approved="true" type="ARCHIVE" />
      <removed_mapping ext="psd" approved="true" type="Image" />
      <mapping ext="plantuml" type="PlantUML file" />
    </extensionMap>
  </component>
</application>